John Doe,johndoe@gmail.com,1,2,3
Alice Smith,alicesmith@gmail.com,42
Bob Johnson,bobjohnson@gmail.com,11
Emily Davis,emilydavis@gmail.com,93
Michael Wilson,michaelwilson@gmail.com,60
Sarah Brown,sarahbrown@gmail.com,25
David Lee,davidlee@gmail.com,88
Emma Thompson,emmathompson@gmail.com,7
Daniel Garcia,danielgarcia@gmail.com,36
Olivia Martinez,oliviamartinez@gmail.com,19
Sophia Anderson,sophiaanderson@gmail.com,54
James Rodriguez,jamesrodriguez@gmail.com,65
Liam Thomas,liamthomas@gmail.com,37
Ava Harris,avaharris@gmail.com,82
Ethan Clark,ethanclark@gmail.com,99
Mia Lewis,mialewis@gmail.com,10
Charlotte Turner,charlotteturner@gmail.com,51
Noah Scott,noahscott@gmail.com,78
Isabella Perez,isabellaperez@gmail.com,31
